,misorientation,Length,Trace,Sigma,Distance_Center,Void_id,Pred_lenght,Junction,Void,Void_Parameter
2647,40.25,12.49,76.1,5.87344,8.25211253755253,0.0,0.0,3.0,1.0,1.0
2017,55.19,28.095,175.3,5.16563,11.443416011647788,1.0,-1.0,0.0,1.0,1.0
305,54.94,18.583,23.8,5.8866,14.215932812704356,2.0,-1.0,0.0,1.0,1.0
3345,8.56,9.018,116.3,5.89797,15.978424373996933,4.0,0.0,2.0,1.0,1.0
2473,18.75,27.495,169.1,5.10259,6.551258199355086,5.0,-1.0,0.0,1.0,1.0
3696,48.36,17.776,43.0,5.9031,5.1123046875,7.0,0.8227152345407035,2.0,1.0,1.0
2874,25.74,43.189,54.6,4.6086,18.424180327868953,8.0,-1.0,0.0,1.0,1.0
