,misorientation,Length,Trace,Sigma,Distance_Center,Void_id,Pred_lenght,Junction,Void,Void_Parameter
882,53.14,5.292,160.9,4.92801,2.346940118067378,0.0,0.5012467893486495,2.0,1.0,1.0
1533,26.54,4.0,60.0,3.87993,5.921687630334703,2.0,-1.0,0.0,1.0,1.0
1525,11.48,4.0,120.0,5.53433,2.410577812736878,3.0,-1.0,0.0,1.0,1.0
956,33.51,4.163,76.1,5.80638,3.462863925284469,4.0,-1.0,0.0,1.0,1.0
985,41.84,9.866,35.8,5.22461,6.110281410687566,5.0,10.955708485825472,2.0,1.0,1.0
1825,47.59,6.0,120.0,4.50782,9.929369794772066,6.0,0.0,3.0,1.0,1.0
914,4.1,13.013,62.5,5.8224,3.055140705343776,7.0,-1.0,0.0,1.0,1.0
